date,tempC,humidity,precipMM,windspeedKmph,UVIndex
2020-01-01,13.0,67.0,0.0,7.0,4.0
2020-01-02,14.0,61.0,0.0,7.0,4.0
2020-01-03,14.0,55.0,0.0,6.0,4.0
2020-01-04,13.0,79.0,3.4,8.0,3.0
2020-01-05,13.0,77.0,0.2,7.0,3.0
2020-01-06,14.0,67.0,0.1,6.0,4.0
2020-01-07,14.0,76.0,0.2,10.0,3.0
2020-01-08,13.0,84.0,5.5,13.0,3.0
2020-01-09,13.0,80.0,5.7,7.0,3.0
2020-01-10,14.0,70.0,0.0,8.0,4.0
2020-01-11,12.0,77.0,8.5,5.0,2.0
2020-01-12,12.0,82.0,18.6,6.0,2.0
2020-01-13,13.0,82.0,7.3,8.0,3.0
2020-01-14,14.0,70.0,0.0,9.0,4.0
2020-01-15,15.0,53.0,0.0,8.0,3.0
2020-01-16,15.0,55.0,0.0,7.0,3.0
2020-01-17,15.0,61.0,0.0,9.0,4.0
2020-01-18,15.0,68.0,0.2,8.0,3.0
2020-01-19,15.0,69.0,3.0,10.0,3.0
2020-01-20,15.0,68.0,0.0,11.0,3.0
2020-01-21,19.0,53.0,0.0,16.0,4.0
2020-01-22,20.0,56.0,0.0,12.0,5.0
2020-01-23,16.0,67.0,0.0,8.0,4.0
2020-01-24,17.0,57.0,0.0,9.0,4.0
2020-01-25,19.0,51.0,0.0,11.0,3.0
2020-01-26,15.0,71.0,3.1,11.0,3.0
2020-01-27,15.0,75.0,1.3,10.0,3.0
2020-01-28,16.0,64.0,0.0,10.0,4.0
2020-01-29,17.0,64.0,0.0,8.0,4.0
2020-01-30,17.0,67.0,0.0,6.0,4.0
2020-01-31,17.0,66.0,0.0,8.0,3.0
2020-02-01,17.0,69.0,0.0,8.0,3.0
2020-02-02,18.0,76.0,0.0,6.0,3.0
2020-02-03,19.0,69.0,0.0,6.0,4.0
2020-02-04,20.0,61.0,0.5,10.0,4.0
2020-02-05,13.0,73.0,0.0,15.0,3.0
2020-02-06,15.0,57.0,0.0,10.0,4.0
2020-02-07,17.0,49.0,0.0,11.0,4.0
2020-02-08,16.0,65.0,0.0,7.0,4.0
2020-02-09,16.0,80.0,0.0,6.0,4.0
2020-02-10,18.0,70.0,0.0,7.0,4.0
2020-02-11,19.0,50.0,0.0,7.0,4.0
2020-02-12,18.0,52.0,0.0,6.0,4.0
2020-02-13,16.0,71.0,0.0,7.0,3.0
2020-02-14,17.0,81.0,0.4,6.0,3.0
2020-02-15,18.0,75.0,0.0,6.0,4.0
2020-02-16,19.0,72.0,0.0,6.0,4.0
2020-02-17,19.0,67.0,0.0,6.0,4.0
2020-02-18,15.0,85.0,2.4,8.0,3.0
2020-02-19,14.0,78.0,0.0,6.0,3.0
2020-02-20,16.0,67.0,0.0,8.0,4.0
2020-02-21,15.0,72.0,0.0,6.0,4.0
2020-02-22,15.0,68.0,0.0,6.0,4.0
2020-02-23,16.0,60.0,0.0,6.0,4.0
2020-02-24,18.0,48.0,0.0,6.0,4.0
2020-02-25,18.0,57.0,0.0,8.0,4.0
2020-02-26,17.0,73.0,0.2,16.0,3.0
2020-02-27,17.0,66.0,0.1,9.0,4.0
2020-02-28,21.0,51.0,0.0,10.0,4.0
2020-02-29,21.0,55.0,0.0,11.0,5.0
2020-03-01,18.0,65.0,0.0,10.0,3.0
2020-03-02,21.0,71.0,8.3,15.0,4.0
2020-03-03,16.0,67.0,3.5,27.0,3.0
2020-03-04,16.0,73.0,5.1,21.0,3.0
2020-03-05,19.0,75.0,0.0,8.0,5.0
2020-03-06,16.0,76.0,8.5,24.0,3.0
2020-03-07,12.0,74.0,29.2,26.0,3.0
2020-03-08,14.0,70.0,4.2,14.0,3.0
2020-03-09,17.0,73.0,4.8,13.0,3.0
2020-03-10,14.0,77.0,4.9,19.0,3.0
2020-03-11,17.0,70.0,0.0,7.0,4.0
2020-03-12,22.0,57.0,0.0,8.0,5.0
2020-03-13,21.0,57.0,0.0,7.0,5.0
2020-03-14,17.0,80.0,0.9,6.0,3.0
2020-03-15,19.0,81.0,0.0,9.0,3.0
2020-03-16,23.0,63.0,0.2,12.0,4.0
2020-03-17,18.0,87.0,0.1,9.0,4.0
2020-03-18,18.0,82.0,0.0,6.0,4.0
2020-03-19,17.0,87.0,0.0,9.0,3.0
2020-03-20,18.0,80.0,0.1,7.0,5.0
2020-03-21,15.0,90.0,11.1,5.0,3.0
2020-03-22,15.0,84.0,2.5,7.0,3.0
2020-03-23,18.0,76.0,0.2,9.0,3.0
2020-03-24,17.0,85.0,7.6,18.0,3.0
2020-03-25,11.0,83.0,9.6,21.0,2.0
2020-03-26,14.0,70.0,12.7,12.0,2.0
2020-03-27,13.0,77.0,4.0,13.0,3.0
2020-03-28,14.0,77.0,0.1,7.0,3.0
2020-03-29,14.0,81.0,17.3,12.0,3.0
2020-03-30,17.0,73.0,3.7,9.0,3.0
2020-03-31,19.0,64.0,1.8,12.0,4.0
2020-04-01,20.0,62.0,0.0,10.0,5.0
2020-04-02,17.0,80.0,6.1,8.0,3.0
2020-04-03,15.0,80.0,17.9,10.0,3.0
2020-04-04,15.0,75.0,6.4,10.0,3.0
2020-04-05,17.0,73.0,0.0,9.0,3.0
2020-04-06,17.0,73.0,0.0,7.0,4.0
2020-04-07,17.0,78.0,0.0,7.0,4.0
2020-04-08,18.0,77.0,0.0,7.0,4.0
2020-04-09,19.0,78.0,0.0,9.0,4.0
2020-04-10,18.0,80.0,0.3,8.0,4.0
2020-04-11,18.0,84.0,0.9,7.0,4.0
2020-04-12,21.0,75.0,0.7,7.0,4.0
2020-04-13,23.0,65.0,0.0,10.0,4.0
2020-04-14,19.0,85.0,0.0,8.0,5.0
2020-04-15,26.0,70.0,0.0,10.0,5.0
2020-04-16,21.0,69.0,0.0,7.0,4.0
2020-04-17,23.0,65.0,0.1,9.0,5.0
2020-04-18,27.0,60.0,1.1,8.0,5.0
2020-04-19,22.0,70.0,5.3,9.0,5.0
2020-04-20,17.0,93.0,36.3,26.0,4.0
2020-04-21,19.0,78.0,3.0,20.0,4.0
2020-04-22,17.0,77.0,14.3,11.0,3.0
2020-04-23,17.0,85.0,4.6,12.0,3.0
2020-04-24,19.0,81.0,0.0,8.0,5.0
2020-04-25,21.0,69.0,5.2,8.0,4.0
2020-04-26,19.0,88.0,9.6,8.0,4.0
2020-04-27,21.0,77.0,0.2,7.0,4.0
2020-04-28,19.0,83.0,10.5,6.0,4.0
2020-04-29,20.0,74.0,0.7,9.0,5.0
2020-04-30,21.0,69.0,0.0,7.0,5.0
2020-05-01,21.0,63.0,0.0,8.0,5.0
2020-05-02,23.0,65.0,0.0,9.0,5.0
2020-05-03,24.0,67.0,0.0,7.0,6.0
2020-05-04,27.0,63.0,0.0,9.0,6.0
2020-05-05,28.0,48.0,0.0,7.0,6.0
2020-05-06,23.0,62.0,0.0,8.0,6.0
2020-05-07,24.0,70.0,0.0,10.0,6.0
2020-05-08,27.0,63.0,0.2,8.0,6.0
2020-05-09,24.0,67.0,0.0,9.0,5.0
2020-05-10,20.0,78.0,5.3,13.0,4.0
2020-05-11,21.0,70.0,0.0,9.0,5.0
2020-05-12,29.0,60.0,0.0,12.0,6.0
2020-05-13,21.0,76.0,0.0,9.0,5.0
2020-05-14,22.0,73.0,0.2,14.0,4.0
2020-05-15,24.0,68.0,0.4,11.0,4.0
2020-05-16,21.0,80.0,0.0,11.0,4.0
2020-05-17,20.0,82.0,8.2,9.0,4.0
2020-05-18,19.0,79.0,6.0,10.0,4.0
2020-05-19,22.0,71.0,2.3,13.0,4.0
2020-05-20,24.0,60.0,0.0,8.0,6.0
2020-05-21,23.0,63.0,0.0,5.0,6.0
2020-05-22,25.0,57.0,0.0,8.0,6.0
2020-05-23,26.0,58.0,0.0,9.0,6.0
2020-05-24,24.0,63.0,0.0,8.0,6.0
2020-05-25,23.0,69.0,0.0,6.0,5.0
2020-05-26,23.0,62.0,0.0,6.0,5.0
2020-05-27,24.0,69.0,0.0,9.0,6.0
2020-05-28,25.0,64.0,0.3,13.0,6.0
2020-05-29,23.0,77.0,0.0,7.0,5.0
2020-05-30,22.0,78.0,0.0,8.0,5.0
2020-05-31,25.0,61.0,0.0,11.0,6.0
2020-06-01,25.0,68.0,0.8,7.0,5.0
2020-06-02,26.0,63.0,0.0,7.0,6.0
2020-06-03,27.0,52.0,0.0,7.0,6.0
2020-06-04,27.0,58.0,0.2,10.0,6.0
2020-06-05,23.0,67.0,2.6,17.0,5.0
2020-06-06,27.0,51.0,0.0,7.0,6.0
2020-06-07,26.0,54.0,3.3,8.0,5.0
2020-06-08,23.0,70.0,2.7,7.0,5.0
2020-06-09,21.0,76.0,7.5,9.0,4.0
2020-06-10,23.0,62.0,0.0,8.0,5.0
2020-06-11,27.0,49.0,0.0,10.0,6.0
2020-06-12,24.0,63.0,0.1,8.0,5.0
2020-06-13,24.0,70.0,0.3,11.0,5.0
2020-06-14,24.0,61.0,0.0,8.0,5.0
2020-06-15,25.0,51.0,0.0,8.0,6.0
2020-06-16,26.0,46.0,0.0,6.0,6.0
2020-06-17,25.0,57.0,0.0,7.0,6.0
2020-06-18,28.0,59.0,0.0,8.0,5.0
2020-06-19,25.0,66.0,0.3,12.0,5.0
2020-06-20,25.0,70.0,0.0,6.0,6.0
2020-06-21,27.0,55.0,0.0,7.0,6.0
2020-06-22,26.0,61.0,0.0,9.0,6.0
2020-06-23,26.0,63.0,0.0,9.0,6.0
2020-06-24,32.0,47.0,0.0,10.0,7.0
2020-06-25,30.0,44.0,0.0,8.0,7.0
2020-06-26,28.0,63.0,0.0,9.0,7.0
2020-06-27,27.0,68.0,0.9,8.0,5.0
2020-06-28,28.0,59.0,0.0,6.0,6.0
2020-06-29,28.0,55.0,0.0,8.0,6.0
2020-06-30,33.0,45.0,0.0,10.0,7.0
2020-07-01,31.0,43.0,0.0,10.0,7.0
2020-07-02,32.0,43.0,0.0,6.0,7.0
2020-07-03,28.0,56.0,0.3,9.0,6.0
2020-07-04,26.0,71.0,0.1,10.0,5.0
2020-07-05,26.0,62.0,0.0,8.0,6.0
2020-07-06,27.0,61.0,0.0,9.0,6.0
2020-07-07,27.0,62.0,0.0,9.0,6.0
2020-07-08,29.0,54.0,0.0,9.0,7.0
2020-07-09,32.0,44.0,0.0,11.0,7.0
2020-07-10,31.0,52.0,0.0,10.0,7.0
2020-07-11,32.0,55.0,0.0,9.0,7.0
2020-07-12,28.0,71.0,0.0,8.0,7.0
2020-07-13,31.0,59.0,0.0,9.0,7.0
2020-07-14,28.0,69.0,0.0,8.0,6.0
2020-07-15,28.0,72.0,0.4,10.0,5.0
2020-07-16,27.0,70.0,0.0,13.0,6.0
2020-07-17,26.0,69.0,0.1,11.0,5.0
2020-07-18,27.0,70.0,0.0,8.0,6.0
2020-07-19,27.0,65.0,0.0,9.0,6.0
2020-07-20,30.0,60.0,0.0,9.0,7.0
2020-07-21,33.0,48.0,0.0,9.0,7.0
2020-07-22,33.0,45.0,0.0,11.0,7.0
2020-07-23,30.0,53.0,0.0,9.0,7.0
2020-07-24,28.0,75.0,1.3,7.0,6.0
2020-07-25,31.0,56.0,0.0,9.0,7.0
2020-07-26,34.0,44.0,0.0,8.0,7.0
2020-07-27,35.0,38.0,0.0,11.0,8.0
2020-07-28,35.0,36.0,0.0,10.0,8.0
2020-07-29,35.0,36.0,0.0,11.0,8.0
2020-07-30,35.0,36.0,0.0,9.0,8.0
2020-07-31,36.0,35.0,0.0,7.0,8.0
2020-08-01,33.0,38.0,0.0,7.0,7.0
2020-08-02,33.0,48.0,0.0,6.0,7.0
2020-08-03,30.0,69.0,0.0,10.0,7.0
2020-08-04,28.0,75.0,4.1,14.0,5.0
2020-08-05,28.0,64.0,0.0,12.0,6.0
2020-08-06,28.0,58.0,0.0,8.0,6.0
2020-08-07,29.0,53.0,0.0,10.0,7.0
2020-08-08,30.0,54.0,0.0,8.0,7.0
2020-08-09,31.0,51.0,0.0,9.0,7.0
2020-08-10,33.0,47.0,0.0,11.0,7.0
2020-08-11,34.0,42.0,0.0,9.0,7.0
2020-08-12,34.0,43.0,0.0,10.0,8.0
2020-08-13,32.0,56.0,0.0,11.0,6.0
2020-08-14,32.0,49.0,0.0,12.0,6.0
2020-08-15,33.0,50.0,0.0,10.0,6.0
2020-08-16,30.0,65.0,0.0,7.0,7.0
2020-08-17,30.0,54.0,0.0,5.0,7.0
2020-08-18,30.0,46.0,0.0,6.0,7.0
2020-08-19,31.0,50.0,0.0,8.0,7.0
2020-08-20,36.0,40.0,0.0,9.0,8.0
2020-08-21,33.0,52.0,0.0,9.0,7.0
2020-08-22,32.0,63.0,0.0,7.0,7.0
2020-08-23,29.0,77.0,0.3,8.0,6.0
2020-08-24,29.0,72.0,0.0,10.0,7.0
2020-08-25,31.0,60.0,0.0,10.0,7.0
2020-08-26,32.0,48.0,0.0,10.0,7.0
2020-08-27,31.0,50.0,0.0,9.0,7.0
2020-08-28,35.0,42.0,0.0,10.0,6.0
2020-08-29,32.0,50.0,0.0,9.0,7.0
2020-08-30,27.0,74.0,2.5,13.0,5.0
2020-08-31,24.0,78.0,19.6,13.0,5.0
2020-09-01,28.0,63.0,0.0,13.0,6.0
2020-09-02,25.0,74.0,11.7,8.0,5.0
2020-09-03,25.0,68.0,0.0,9.0,6.0
2020-09-04,27.0,65.0,0.0,11.0,6.0
2020-09-05,27.0,66.0,0.0,7.0,6.0
2020-09-06,26.0,76.0,0.8,7.0,5.0
2020-09-07,26.0,75.0,0.0,9.0,5.0
2020-09-08,26.0,78.0,14.2,7.0,5.0
2020-09-09,30.0,74.0,3.1,6.0,5.0
2020-09-10,26.0,73.0,19.2,12.0,5.0
2020-09-11,25.0,74.0,21.3,13.0,5.0
2020-09-12,26.0,71.0,15.5,10.0,5.0
2020-09-13,26.0,74.0,7.8,7.0,5.0
2020-09-14,28.0,69.0,0.0,10.0,6.0
2020-09-15,28.0,63.0,0.0,10.0,5.0
2020-09-16,29.0,59.0,0.0,8.0,7.0
2020-09-17,29.0,52.0,0.0,8.0,7.0
2020-09-18,31.0,46.0,0.0,8.0,7.0
2020-09-19,32.0,58.0,0.0,11.0,6.0
2020-09-20,26.0,80.0,0.1,8.0,5.0
2020-09-21,26.0,66.0,1.4,5.0,5.0
2020-09-22,26.0,72.0,0.0,5.0,6.0
2020-09-23,27.0,59.0,0.0,7.0,6.0
2020-09-24,29.0,50.0,0.0,7.0,6.0
2020-09-25,27.0,60.0,4.4,19.0,5.0
2020-09-26,21.0,63.0,2.3,27.0,4.0
2020-09-27,22.0,66.0,10.1,16.0,4.0
2020-09-28,23.0,63.0,0.0,9.0,5.0
2020-09-29,27.0,48.0,0.0,9.0,6.0
2020-09-30,25.0,64.0,0.0,7.0,6.0
2020-10-01,25.0,70.0,0.0,5.0,6.0
2020-10-02,29.0,54.0,0.0,6.0,6.0
2020-10-03,22.0,72.0,1.6,16.0,4.0
2020-10-04,22.0,60.0,0.0,9.0,5.0
2020-10-05,22.0,63.0,0.1,9.0,4.0
2020-10-06,21.0,65.0,1.9,6.0,4.0
2020-10-07,24.0,58.0,0.0,5.0,5.0
2020-10-08,23.0,64.0,1.1,10.0,5.0
2020-10-09,24.0,73.0,0.0,8.0,6.0
2020-10-10,23.0,73.0,0.6,6.0,5.0
2020-10-11,21.0,82.0,39.2,8.0,4.0
2020-10-12,18.0,74.0,25.9,15.0,4.0
2020-10-13,20.0,56.0,0.0,12.0,5.0
2020-10-14,24.0,55.0,0.4,12.0,4.0
2020-10-15,19.0,70.0,7.6,15.0,4.0
2020-10-16,19.0,64.0,0.3,10.0,4.0
2020-10-17,20.0,60.0,0.0,7.0,5.0
2020-10-18,20.0,59.0,0.0,7.0,5.0
2020-10-19,23.0,56.0,0.0,10.0,5.0
2020-10-20,27.0,44.0,0.0,11.0,6.0
2020-10-21,26.0,44.0,0.0,11.0,6.0
2020-10-22,27.0,41.0,0.0,10.0,6.0
2020-10-23,22.0,73.0,0.2,10.0,5.0
2020-10-24,21.0,76.0,2.2,7.0,4.0
2020-10-25,22.0,63.0,0.0,7.0,5.0
2020-10-26,23.0,59.0,8.0,16.0,4.0
2020-10-27,18.0,68.0,1.9,15.0,4.0
2020-10-28,19.0,64.0,0.0,9.0,5.0
2020-10-29,20.0,64.0,0.0,6.0,5.0
2020-10-30,21.0,61.0,0.0,7.0,5.0
2020-10-31,23.0,57.0,0.0,6.0,5.0
2020-11-01,21.0,59.0,0.0,5.0,5.0
2020-11-02,23.0,54.0,0.0,6.0,5.0
2020-11-03,23.0,52.0,0.0,6.0,5.0
2020-11-04,23.0,53.0,0.0,7.0,4.0
2020-11-05,24.0,51.0,0.0,9.0,6.0
2020-11-06,27.0,47.0,0.0,9.0,6.0
2020-11-07,25.0,49.0,0.0,11.0,6.0
2020-11-08,25.0,46.0,0.0,9.0,6.0
2020-11-09,23.0,59.0,0.0,9.0,5.0
2020-11-10,20.0,82.0,0.2,8.0,4.0
2020-11-11,20.0,75.0,3.8,5.0,4.0
2020-11-12,23.0,59.0,0.0,8.0,5.0
2020-11-13,24.0,53.0,0.0,11.0,4.0
2020-11-14,22.0,53.0,0.0,8.0,5.0
2020-11-15,20.0,67.0,0.0,8.0,4.0
2020-11-16,23.0,72.0,4.7,9.0,4.0
2020-11-17,18.0,80.0,3.3,11.0,4.0
2020-11-18,18.0,75.0,0.0,7.0,4.0
2020-11-19,18.0,75.0,0.0,7.0,4.0
2020-11-20,16.0,82.0,22.7,14.0,3.0
2020-11-21,15.0,73.0,23.0,21.0,3.0
2020-11-22,15.0,73.0,3.5,11.0,3.0
2020-11-23,14.0,84.0,4.6,5.0,3.0
2020-11-24,16.0,77.0,0.0,6.0,4.0
2020-11-25,19.0,60.0,0.0,8.0,3.0
2020-11-26,19.0,56.0,0.0,10.0,4.0
2020-11-27,19.0,62.0,0.0,12.0,4.0
2020-11-28,16.0,72.0,25.8,17.0,3.0
2020-11-29,17.0,84.0,28.3,18.0,4.0
2020-11-30,17.0,83.0,1.1,7.0,3.0
2020-12-01,18.0,73.0,0.7,5.0,3.0
2020-12-02,15.0,76.0,28.1,14.0,3.0
2020-12-03,14.0,74.0,14.0,8.0,3.0
2020-12-04,19.0,62.0,0.0,16.0,4.0
2020-12-05,15.0,67.0,3.2,20.0,3.0
2020-12-06,13.0,71.0,0.2,25.0,3.0
2020-12-07,16.0,63.0,0.0,17.0,3.0
2020-12-08,15.0,77.0,10.4,23.0,3.0
2020-12-09,11.0,77.0,18.4,28.0,3.0
2020-12-10,15.0,71.0,15.8,19.0,3.0
2020-12-11,17.0,81.0,29.7,18.0,3.0
2020-12-12,16.0,82.0,42.4,27.0,3.0
2020-12-13,16.0,77.0,7.7,15.0,3.0
2020-12-14,19.0,65.0,0.0,10.0,4.0
2020-12-15,19.0,67.0,0.0,7.0,5.0
2020-12-16,20.0,69.0,0.0,9.0,5.0
2020-12-17,18.0,69.0,0.0,8.0,5.0
2020-12-18,16.0,80.0,0.2,7.0,3.0
2020-12-19,15.0,88.0,11.1,8.0,3.0
2020-12-20,14.0,85.0,37.2,11.0,3.0
2020-12-21,15.0,84.0,7.5,11.0,3.0
2020-12-22,15.0,83.0,0.3,6.0,4.0
2020-12-23,19.0,64.0,0.0,8.0,4.0
2020-12-24,18.0,61.0,0.0,8.0,4.0
2020-12-25,16.0,70.0,17.1,11.0,3.0
2020-12-26,11.0,83.0,21.1,22.0,2.0
2020-12-27,11.0,69.0,1.0,18.0,2.0
2020-12-28,17.0,55.0,3.0,19.0,4.0
2020-12-29,14.0,75.0,5.1,11.0,3.0
2020-12-30,11.0,72.0,5.0,19.0,3.0
2020-12-31,13.0,65.0,0.0,12.0,2.0
2021-01-01,16.0,60.0,0.6,17.0,3.0
2021-01-02,13.0,67.0,0.1,16.0,2.0
2021-01-03,10.0,70.0,0.6,19.0,2.0
2021-01-04,13.0,57.0,0.0,14.0,3.0
2021-01-05,13.0,64.0,0.0,11.0,2.0
2021-01-06,11.0,65.0,1.4,8.0,2.0
2021-01-07,17.0,63.0,0.0,9.0,4.0
2021-01-08,18.0,74.0,0.2,8.0,3.0
2021-01-09,20.0,74.0,9.3,13.0,4.0
2021-01-10,14.0,87.0,10.4,7.0,3.0
2021-01-11,13.0,77.0,10.6,11.0,3.0
2021-01-12,11.0,81.0,8.9,19.0,2.0
2021-01-13,14.0,76.0,0.0,17.0,3.0
2021-01-14,13.0,78.0,0.4,14.0,3.0
2021-01-15,12.0,82.0,4.4,15.0,3.0
2021-01-16,11.0,82.0,28.5,16.0,2.0
2021-01-17,14.0,64.0,0.0,12.0,4.0
2021-01-18,13.0,69.0,2.5,11.0,3.0
2021-01-19,16.0,59.0,0.0,9.0,4.0
2021-01-20,19.0,50.0,0.0,15.0,4.0
2021-01-21,16.0,59.0,0.1,15.0,3.0
2021-01-22,21.0,69.0,2.2,17.0,3.0
2021-01-23,15.0,73.0,3.2,22.0,3.0
2021-01-24,18.0,74.0,2.2,21.0,3.0
2021-01-25,17.0,76.0,1.1,12.0,3.0
2021-01-26,14.0,76.0,21.5,14.0,3.0
2021-01-27,17.0,82.0,0.4,13.0,3.0
2021-01-28,19.0,83.0,0.1,9.0,4.0
2021-01-29,23.0,67.0,0.0,11.0,4.0
2021-01-30,20.0,70.0,2.2,11.0,5.0
2021-01-31,14.0,77.0,12.6,30.0,3.0
2021-02-01,16.0,78.0,10.0,30.0,4.0
2021-02-02,17.0,80.0,0.0,16.0,4.0
2021-02-03,22.0,60.0,0.0,10.0,4.0
2021-02-04,22.0,49.0,0.0,13.0,4.0
2021-02-05,24.0,46.0,0.0,15.0,5.0
2021-02-06,24.0,54.0,0.1,14.0,5.0
2021-02-07,15.0,78.0,3.4,13.0,3.0
2021-02-08,17.0,70.0,1.1,12.0,3.0
2021-02-09,18.0,67.0,0.0,13.0,3.0
2021-02-10,20.0,67.0,13.3,21.0,4.0
2021-02-11,18.0,78.0,0.1,11.0,3.0
2021-02-12,19.0,75.0,1.1,8.0,3.0
2021-02-13,15.0,79.0,3.6,15.0,3.0
2021-02-14,12.0,77.0,4.8,10.0,3.0
2021-02-15,13.0,65.0,0.0,12.0,3.0
2021-02-16,15.0,58.0,0.0,8.0,4.0
2021-02-17,18.0,53.0,0.0,7.0,4.0
2021-02-18,21.0,46.0,0.0,8.0,4.0
2021-02-19,18.0,48.0,0.0,9.0,3.0
2021-02-20,20.0,45.0,0.0,10.0,4.0
2021-02-21,25.0,44.0,0.0,21.0,5.0
2021-02-22,20.0,80.0,11.3,11.0,3.0
2021-02-23,15.0,92.0,9.8,8.0,3.0
2021-02-24,16.0,73.0,0.0,8.0,4.0
2021-02-25,17.0,69.0,0.0,6.0,4.0
2021-02-26,17.0,76.0,0.0,6.0,4.0
2021-02-27,14.0,78.0,0.0,6.0,4.0
2021-02-28,16.0,78.0,0.0,7.0,3.0
2021-03-01,20.0,62.0,0.0,8.0,5.0
2021-03-02,19.0,60.0,0.0,6.0,5.0
2021-03-03,17.0,71.0,0.0,7.0,4.0
2021-03-04,16.0,77.0,0.0,7.0,3.0
2021-03-05,16.0,80.0,1.0,5.0,3.0
2021-03-06,18.0,76.0,0.1,5.0,3.0
2021-03-07,19.0,76.0,1.3,6.0,3.0
2021-03-08,17.0,86.0,6.9,7.0,3.0
2021-03-09,14.0,84.0,13.9,12.0,3.0
2021-03-10,14.0,75.0,1.0,6.0,3.0
2021-03-11,15.0,72.0,0.0,7.0,4.0
2021-03-12,19.0,54.0,0.0,8.0,4.0
2021-03-13,16.0,77.0,3.5,8.0,3.0
2021-03-14,16.0,75.0,2.2,11.0,3.0
2021-03-15,15.0,71.0,1.7,8.0,3.0
2021-03-16,14.0,75.0,1.5,10.0,3.0
2021-03-17,15.0,76.0,1.3,8.0,3.0
2021-03-18,14.0,76.0,3.1,7.0,3.0
2021-03-19,11.0,81.0,14.1,7.0,2.0
2021-03-20,13.0,82.0,6.3,10.0,3.0
2021-03-21,12.0,75.0,16.0,20.0,3.0
2021-03-22,12.0,83.0,32.8,23.0,2.0
2021-03-23,14.0,75.0,6.5,9.0,3.0
2021-03-24,16.0,63.0,0.0,9.0,4.0
2021-03-25,17.0,65.0,0.0,8.0,4.0
2021-03-26,20.0,59.0,0.0,8.0,4.0
2021-03-27,21.0,57.0,0.0,11.0,5.0
2021-03-28,22.0,50.0,0.0,9.0,4.0
2021-03-29,21.0,68.0,0.0,9.0,5.0
2021-03-30,21.0,74.0,0.0,7.0,5.0
2021-03-31,21.0,65.0,0.0,7.0,5.0
2021-04-01,24.0,56.0,0.0,10.0,5.0
2021-04-02,19.0,65.0,0.5,10.0,4.0
2021-04-03,19.0,70.0,0.1,8.0,5.0
2021-04-04,18.0,78.0,0.4,10.0,3.0
2021-04-05,16.0,82.0,21.8,10.0,3.0
2021-04-06,19.0,67.0,0.0,7.0,4.0
2021-04-07,15.0,75.0,0.7,13.0,3.0
2021-04-08,17.0,74.0,0.0,9.0,4.0
2021-04-09,22.0,65.0,0.0,8.0,4.0
2021-04-10,21.0,65.0,0.0,10.0,4.0
2021-04-11,21.0,67.0,0.2,10.0,4.0
2021-04-12,18.0,85.0,14.5,10.0,4.0
2021-04-13,16.0,75.0,0.1,13.0,3.0
2021-04-14,17.0,74.0,4.4,9.0,3.0
2021-04-15,17.0,91.0,15.2,11.0,3.0
2021-04-16,14.0,93.0,38.1,18.0,3.0
2021-04-17,14.0,79.0,13.4,13.0,3.0
2021-04-18,13.0,75.0,15.8,13.0,3.0
2021-04-19,17.0,57.0,0.0,9.0,4.0
2021-04-20,19.0,59.0,0.0,6.0,4.0
2021-04-21,21.0,70.0,0.0,7.0,4.0
2021-04-22,18.0,67.0,0.8,6.0,4.0
2021-04-23,17.0,79.0,3.3,10.0,4.0
2021-04-24,21.0,75.0,0.0,11.0,5.0
2021-04-25,24.0,62.0,0.0,10.0,6.0
2021-04-26,21.0,67.0,0.0,11.0,5.0
2021-04-27,21.0,69.0,0.0,7.0,4.0
2021-04-28,21.0,69.0,0.0,8.0,4.0
2021-04-29,20.0,79.0,0.0,8.0,5.0
2021-04-30,21.0,74.0,0.0,9.0,4.0
2021-05-01,19.0,77.0,1.8,11.0,4.0
2021-05-02,19.0,78.0,2.0,8.0,4.0
2021-05-03,20.0,91.0,13.9,8.0,4.0
2021-05-04,21.0,87.0,1.8,9.0,4.0
2021-05-05,19.0,89.0,3.5,6.0,4.0
2021-05-06,18.0,93.0,16.4,6.0,4.0
2021-05-07,22.0,79.0,0.7,7.0,5.0
2021-05-08,25.0,59.0,0.0,10.0,6.0
2021-05-09,28.0,54.0,0.0,11.0,6.0
2021-05-10,22.0,71.0,1.7,11.0,4.0
2021-05-11,20.0,77.0,0.3,16.0,4.0
2021-05-12,20.0,54.0,0.0,9.0,5.0
2021-05-13,21.0,59.0,0.0,9.0,5.0
2021-05-14,21.0,68.0,1.3,10.0,4.0
2021-05-15,24.0,69.0,0.0,8.0,5.0
2021-05-16,27.0,54.0,0.0,7.0,6.0
2021-05-17,24.0,69.0,0.0,8.0,6.0
2021-05-18,21.0,80.0,0.0,9.0,5.0
2021-05-19,22.0,78.0,0.0,8.0,5.0
2021-05-20,19.0,70.0,0.0,10.0,5.0
2021-05-21,26.0,62.0,0.0,11.0,6.0
2021-05-22,24.0,66.0,0.0,8.0,6.0
2021-05-23,27.0,77.0,0.1,11.0,5.0
2021-05-24,21.0,78.0,0.1,17.0,4.0
2021-05-25,21.0,78.0,0.0,12.0,4.0
2021-05-26,24.0,75.0,0.0,10.0,6.0
2021-05-27,22.0,80.0,0.0,8.0,5.0
2021-05-28,23.0,82.0,0.0,8.0,5.0
2021-05-29,22.0,83.0,0.3,9.0,4.0
2021-05-30,24.0,65.0,0.0,8.0,6.0
2021-05-31,25.0,60.0,0.1,7.0,5.0
2021-06-01,29.0,62.0,0.3,9.0,5.0
2021-06-02,24.0,74.0,0.0,8.0,6.0
2021-06-03,26.0,73.0,0.0,7.0,5.0
2021-06-04,29.0,70.0,0.7,10.0,5.0
2021-06-05,26.0,65.0,0.0,8.0,5.0
2021-06-06,22.0,85.0,3.0,9.0,5.0
2021-06-07,23.0,81.0,2.8,8.0,4.0
2021-06-08,25.0,64.0,0.0,7.0,6.0
2021-06-09,26.0,50.0,0.0,8.0,6.0
2021-06-10,26.0,54.0,0.0,8.0,6.0
2021-06-11,26.0,55.0,0.0,10.0,6.0
2021-06-12,27.0,53.0,0.0,9.0,6.0
2021-06-13,28.0,46.0,0.0,9.0,6.0
2021-06-14,28.0,46.0,0.0,8.0,7.0
2021-06-15,30.0,44.0,0.0,11.0,7.0
2021-06-16,32.0,53.0,0.0,9.0,7.0
2021-06-17,33.0,64.0,0.0,10.0,6.0
2021-06-18,28.0,63.0,0.0,9.0,5.0
2021-06-19,30.0,57.0,0.0,14.0,6.0
2021-06-20,25.0,71.0,0.0,10.0,5.0
2021-06-21,26.0,54.0,0.0,7.0,6.0
2021-06-22,26.0,55.0,0.0,8.0,6.0
2021-06-23,24.0,70.0,0.6,6.0,5.0
2021-06-24,25.0,70.0,0.1,10.0,6.0
2021-06-25,26.0,77.0,0.0,10.0,6.0
2021-06-26,27.0,55.0,0.0,9.0,6.0
2021-06-27,27.0,73.0,0.9,10.0,5.0
2021-06-28,28.0,67.0,0.0,7.0,5.0
2021-06-29,27.0,62.0,0.0,8.0,6.0
2021-06-30,27.0,65.0,0.0,9.0,6.0
2021-07-01,29.0,63.0,0.0,8.0,6.0
2021-07-02,30.0,51.0,0.0,8.0,7.0
2021-07-03,32.0,39.0,0.0,7.0,7.0
2021-07-04,32.0,35.0,0.0,7.0,7.0
2021-07-05,31.0,42.0,0.0,8.0,7.0
2021-07-06,33.0,40.0,0.0,9.0,7.0
2021-07-07,31.0,47.0,0.0,9.0,7.0
2021-07-08,28.0,68.0,1.2,10.0,6.0
2021-07-09,28.0,73.0,0.4,13.0,7.0
2021-07-10,30.0,57.0,0.0,9.0,7.0
2021-07-11,34.0,41.0,0.0,8.0,7.0
2021-07-12,38.0,35.0,0.0,10.0,8.0
2021-07-13,30.0,69.0,1.6,13.0,6.0
2021-07-14,26.0,67.0,0.1,11.0,5.0
2021-07-15,28.0,64.0,0.0,13.0,5.0
2021-07-16,27.0,70.0,0.1,11.0,5.0
2021-07-17,28.0,61.0,0.0,9.0,6.0
2021-07-18,29.0,55.0,0.0,9.0,6.0
2021-07-19,29.0,55.0,0.0,8.0,7.0
2021-07-20,30.0,54.0,0.0,8.0,7.0
2021-07-21,33.0,47.0,0.0,10.0,7.0
2021-07-22,34.0,38.0,0.0,13.0,7.0
2021-07-23,35.0,35.0,0.0,10.0,8.0
2021-07-24,39.0,29.0,0.0,10.0,7.0
2021-07-25,33.0,42.0,0.0,10.0,7.0
2021-07-26,29.0,57.0,0.0,9.0,7.0
2021-07-27,30.0,60.0,0.0,9.0,7.0
2021-07-28,33.0,49.0,0.0,8.0,7.0
2021-07-29,32.0,48.0,0.3,7.0,6.0
2021-07-30,33.0,46.0,0.0,6.0,7.0
2021-07-31,34.0,41.0,0.0,9.0,8.0
2021-08-01,29.0,58.0,0.1,9.0,6.0
2021-08-02,28.0,75.0,0.0,14.0,7.0
2021-08-03,30.0,76.0,0.1,10.0,7.0
2021-08-04,28.0,76.0,0.8,8.0,6.0
2021-08-05,30.0,72.0,0.0,8.0,7.0
2021-08-06,32.0,45.0,0.0,7.0,7.0
2021-08-07,32.0,46.0,0.0,8.0,7.0
2021-08-08,30.0,60.0,0.0,7.0,7.0
2021-08-09,34.0,56.0,0.0,9.0,6.0
2021-08-10,41.0,28.0,0.0,12.0,8.0
2021-08-11,40.0,36.0,0.0,10.0,8.0
2021-08-12,38.0,28.0,0.0,10.0,8.0
2021-08-13,35.0,37.0,0.0,8.0,8.0
2021-08-14,35.0,40.0,0.0,7.0,8.0
2021-08-15,35.0,37.0,0.0,8.0,8.0
2021-08-16,35.0,44.0,0.0,9.0,8.0
2021-08-17,28.0,74.0,0.2,13.0,6.0
2021-08-18,28.0,68.0,0.0,10.0,6.0
2021-08-19,31.0,59.0,0.0,10.0,7.0
2021-08-20,31.0,55.0,0.0,9.0,7.0
2021-08-21,33.0,49.0,0.0,11.0,7.0
2021-08-22,35.0,36.0,0.0,13.0,7.0
2021-08-23,34.0,40.0,0.0,10.0,6.0
2021-08-24,30.0,59.0,0.0,10.0,7.0
2021-08-25,30.0,57.0,0.0,9.0,6.0
2021-08-26,30.0,66.0,0.1,8.0,6.0
2021-08-27,32.0,53.0,0.0,6.0,7.0
2021-08-28,34.0,40.0,0.0,9.0,7.0
2021-08-29,30.0,71.0,0.9,8.0,7.0
2021-08-30,31.0,65.0,0.0,8.0,6.0
2021-08-31,31.0,60.0,0.0,8.0,6.0
2021-09-01,35.0,54.0,0.0,14.0,7.0
2021-09-02,31.0,68.0,0.2,12.0,7.0
2021-09-03,30.0,78.0,0.1,8.0,7.0
2021-09-04,29.0,76.0,0.0,7.0,6.0
2021-09-05,30.0,67.0,0.0,9.0,7.0
2021-09-06,30.0,50.0,0.0,10.0,7.0
2021-09-07,30.0,46.0,0.0,10.0,7.0
2021-09-08,35.0,41.0,0.0,7.0,7.0
2021-09-09,30.0,68.0,0.1,9.0,7.0
2021-09-10,30.0,65.0,0.2,10.0,7.0
2021-09-11,29.0,68.0,2.8,9.0,5.0
2021-09-12,31.0,53.0,0.0,10.0,7.0
2021-09-13,32.0,45.0,0.0,10.0,7.0
2021-09-14,37.0,39.0,0.0,11.0,8.0
2021-09-15,35.0,44.0,0.0,9.0,8.0
2021-09-16,30.0,63.0,0.4,12.0,6.0
2021-09-17,30.0,54.0,0.6,9.0,6.0
2021-09-18,29.0,74.0,0.1,8.0,6.0
2021-09-19,29.0,74.0,0.1,7.0,5.0
2021-09-20,27.0,72.0,0.0,10.0,5.0
2021-09-21,28.0,67.0,10.4,10.0,5.0
2021-09-22,30.0,65.0,0.0,10.0,6.0
2021-09-23,34.0,49.0,0.0,12.0,6.0
2021-09-24,35.0,36.0,0.0,9.0,7.0
2021-09-25,31.0,50.0,0.0,8.0,7.0
2021-09-26,28.0,78.0,0.2,6.0,6.0
2021-09-27,26.0,83.0,0.2,7.0,5.0
2021-09-28,28.0,74.0,0.0,6.0,6.0
2021-09-29,28.0,68.0,0.0,7.0,6.0
2021-09-30,25.0,76.0,0.0,9.0,6.0
2021-10-01,25.0,74.0,0.0,8.0,5.0
2021-10-02,26.0,68.0,0.0,7.0,6.0
2021-10-03,31.0,59.0,0.0,8.0,6.0
2021-10-04,25.0,71.0,0.1,12.0,5.0
2021-10-05,25.0,66.0,2.1,8.0,5.0
2021-10-06,25.0,64.0,2.1,8.0,5.0
2021-10-07,24.0,65.0,3.4,10.0,5.0
2021-10-08,25.0,63.0,0.2,9.0,5.0
2021-10-09,22.0,69.0,7.9,9.0,4.0
2021-10-10,24.0,69.0,10.1,6.0,4.0
2021-10-11,24.0,64.0,1.8,8.0,4.0
2021-10-12,23.0,59.0,0.0,8.0,4.0
2021-10-13,22.0,66.0,3.8,12.0,4.0
2021-10-14,21.0,68.0,7.8,11.0,4.0
2021-10-15,22.0,69.0,0.1,7.0,4.0
2021-10-16,24.0,55.0,0.0,5.0,5.0
2021-10-17,25.0,57.0,0.0,7.0,5.0
2021-10-18,23.0,72.0,0.0,8.0,5.0
2021-10-19,24.0,63.0,0.0,10.0,5.0
2021-10-20,27.0,41.0,0.0,11.0,6.0
2021-10-21,26.0,47.0,0.0,11.0,5.0
2021-10-22,24.0,59.0,0.0,8.0,5.0
2021-10-23,23.0,72.0,2.1,8.0,4.0
2021-10-24,21.0,77.0,6.3,11.0,4.0
2021-10-25,21.0,80.0,7.8,10.0,4.0
2021-10-26,21.0,80.0,1.0,7.0,4.0
2021-10-27,22.0,74.0,0.0,7.0,5.0
2021-10-28,21.0,75.0,0.3,6.0,4.0
2021-10-29,22.0,68.0,0.0,6.0,5.0
2021-10-30,25.0,54.0,0.0,7.0,6.0
2021-10-31,26.0,49.0,0.4,10.0,6.0
2021-11-01,26.0,71.0,6.9,13.0,5.0
2021-11-02,22.0,81.0,1.3,6.0,5.0
2021-11-03,21.0,83.0,18.3,13.0,4.0
2021-11-04,18.0,74.0,4.1,8.0,4.0
2021-11-05,17.0,77.0,3.0,12.0,3.0
2021-11-06,17.0,70.0,1.1,9.0,3.0
2021-11-07,17.0,75.0,7.6,18.0,3.0
2021-11-08,16.0,83.0,24.5,22.0,3.0
2021-11-09,16.0,75.0,33.6,17.0,3.0
2021-11-10,20.0,69.0,1.7,11.0,4.0
2021-11-11,19.0,69.0,0.0,8.0,4.0
2021-11-12,21.0,72.0,0.0,10.0,4.0
2021-11-13,19.0,72.0,0.8,13.0,4.0
2021-11-14,17.0,76.0,10.3,11.0,4.0
2021-11-15,18.0,75.0,7.6,10.0,4.0
2021-11-16,16.0,84.0,16.2,17.0,3.0
2021-11-17,16.0,83.0,8.9,13.0,3.0
2021-11-18,16.0,82.0,2.9,8.0,3.0
2021-11-19,18.0,78.0,0.0,7.0,4.0
2021-11-20,20.0,65.0,2.0,7.0,4.0
2021-11-21,19.0,74.0,4.3,9.0,4.0
2021-11-22,18.0,72.0,3.7,10.0,4.0
2021-11-23,21.0,61.0,0.0,9.0,5.0
2021-11-24,17.0,74.0,5.4,10.0,3.0
2021-11-25,17.0,69.0,1.5,11.0,3.0
2021-11-26,18.0,66.0,4.5,11.0,3.0
2021-11-27,16.0,66.0,0.5,17.0,3.0
2021-11-28,13.0,68.0,10.5,24.0,3.0
2021-11-29,13.0,76.0,15.0,30.0,3.0
2021-11-30,14.0,85.0,8.0,10.0,3.0
2021-12-01,17.0,70.0,0.0,8.0,4.0
2021-12-02,15.0,75.0,10.2,15.0,3.0
2021-12-03,12.0,76.0,21.6,22.0,3.0
2021-12-04,17.0,71.0,0.0,13.0,3.0
2021-12-05,16.0,71.0,10.0,24.0,3.0
2021-12-06,12.0,71.0,39.3,27.0,3.0
2021-12-07,18.0,71.0,0.0,13.0,4.0
2021-12-08,19.0,67.0,6.6,15.0,3.0
2021-12-09,14.0,69.0,18.9,28.0,3.0
2021-12-10,18.0,71.0,0.5,23.0,3.0
2021-12-11,15.0,79.0,10.4,23.0,3.0
2021-12-12,14.0,64.0,1.2,13.0,3.0
2021-12-13,16.0,66.0,0.0,7.0,4.0
2021-12-14,16.0,56.0,0.0,7.0,4.0
2021-12-15,14.0,72.0,0.0,7.0,3.0
2021-12-16,16.0,65.0,0.0,6.0,4.0
2021-12-17,17.0,69.0,0.0,7.0,4.0
2021-12-18,17.0,67.0,0.0,7.0,4.0
2021-12-19,17.0,63.0,0.0,6.0,4.0
2021-12-20,17.0,60.0,0.7,9.0,3.0
2021-12-21,18.0,57.0,0.0,7.0,3.0
2021-12-22,18.0,62.0,0.0,6.0,4.0
2021-12-23,18.0,71.0,0.0,6.0,4.0
2021-12-24,21.0,63.0,0.0,10.0,5.0
2021-12-25,19.0,64.0,0.0,10.0,4.0
2021-12-26,19.0,68.0,0.0,8.0,4.0
2021-12-27,20.0,70.0,0.1,13.0,4.0
2021-12-28,20.0,80.0,0.0,18.0,5.0
2021-12-29,19.0,74.0,0.0,11.0,5.0
2021-12-30,19.0,67.0,0.0,8.0,4.0
2021-12-31,18.0,69.0,0.0,7.0,4.0
2022-01-01,17.0,61.0,0.0,6.0,4.0
2022-01-02,17.0,54.0,0.0,7.0,4.0
2022-01-03,17.0,58.0,0.0,6.0,4.0
2022-01-04,20.0,45.0,0.0,8.0,4.0
2022-01-05,15.0,65.0,0.1,18.0,3.0
2022-01-06,11.0,83.0,24.8,13.0,2.0
2022-01-07,11.0,71.0,13.9,26.0,2.0
2022-01-08,13.0,75.0,11.2,25.0,3.0
2022-01-09,15.0,71.0,0.0,24.0,3.0
2022-01-10,15.0,79.0,12.9,27.0,3.0
2022-01-11,12.0,75.0,2.2,18.0,3.0
2022-01-12,13.0,71.0,4.6,13.0,3.0
2022-01-13,12.0,74.0,4.4,8.0,2.0
2022-01-14,13.0,77.0,1.2,7.0,2.0
2022-01-15,15.0,71.0,0.3,7.0,3.0
2022-01-16,15.0,67.0,0.0,7.0,3.0
2022-01-17,14.0,66.0,0.0,8.0,3.0
2022-01-18,15.0,66.0,0.0,9.0,3.0
2022-01-19,17.0,60.0,0.0,7.0,4.0
2022-01-20,15.0,68.0,0.0,7.0,4.0
2022-01-21,13.0,75.0,0.4,8.0,2.0
2022-01-22,12.0,78.0,5.1,7.0,2.0
2022-01-23,15.0,69.0,0.0,9.0,4.0
2022-01-24,15.0,63.0,0.0,9.0,4.0
2022-01-25,17.0,69.0,0.0,8.0,4.0
2022-01-26,17.0,58.0,0.0,8.0,4.0
2022-01-27,17.0,59.0,0.0,7.0,4.0
2022-01-28,15.0,63.0,0.0,7.0,4.0
2022-01-29,14.0,61.0,0.0,12.0,4.0
2022-01-30,15.0,70.0,0.0,9.0,4.0
2022-01-31,18.0,49.0,0.4,10.0,4.0
2022-02-01,12.0,76.0,1.8,26.0,3.0
2022-02-02,15.0,80.0,2.6,15.0,3.0
2022-02-03,19.0,52.0,0.0,9.0,4.0
2022-02-04,19.0,52.0,0.0,9.0,3.0
2022-02-05,15.0,73.0,0.0,8.0,4.0
2022-02-06,14.0,79.0,0.0,7.0,3.0
2022-02-07,15.0,80.0,0.0,5.0,4.0
2022-02-08,16.0,72.0,1.0,9.0,3.0
2022-02-09,18.0,64.0,0.0,9.0,4.0
2022-02-10,18.0,59.0,0.0,8.0,4.0
2022-02-11,16.0,66.0,0.0,6.0,4.0
2022-02-12,13.0,78.0,0.8,5.0,3.0
2022-02-13,16.0,72.0,0.0,9.0,4.0
2022-02-14,17.0,64.0,0.0,9.0,4.0
2022-02-15,14.0,74.0,9.4,15.0,3.0
2022-02-16,15.0,72.0,0.0,17.0,4.0
2022-02-17,16.0,66.0,0.0,12.0,4.0
2022-02-18,21.0,60.0,0.0,8.0,4.0
2022-02-19,21.0,65.0,0.0,12.0,4.0
2022-02-20,14.0,84.0,1.8,7.0,3.0
2022-02-21,15.0,76.0,0.0,9.0,4.0
2022-02-22,16.0,72.0,1.7,11.0,3.0
2022-02-23,17.0,65.0,0.0,8.0,4.0
2022-02-24,19.0,57.0,0.0,8.0,3.0
2022-02-25,15.0,68.0,0.0,10.0,3.0
2022-02-26,15.0,73.0,0.0,9.0,3.0
2022-02-27,14.0,81.0,6.6,11.0,3.0
2022-02-28,12.0,77.0,18.3,10.0,2.0
2022-03-01,15.0,73.0,6.0,8.0,3.0
2022-03-02,16.0,62.0,0.0,9.0,4.0
2022-03-03,17.0,56.0,0.0,10.0,4.0
2022-03-04,14.0,77.0,13.6,9.0,3.0
2022-03-05,14.0,79.0,19.2,15.0,3.0
2022-03-06,13.0,81.0,9.5,7.0,3.0
2022-03-07,13.0,79.0,1.2,7.0,3.0
2022-03-08,14.0,78.0,4.1,6.0,3.0
2022-03-09,13.0,83.0,8.6,5.0,3.0
2022-03-10,18.0,68.0,0.0,10.0,4.0
2022-03-11,20.0,63.0,0.0,11.0,5.0
2022-03-12,16.0,75.0,5.2,10.0,3.0
2022-03-13,20.0,62.0,0.0,11.0,4.0
2022-03-14,25.0,54.0,0.0,12.0,5.0
2022-03-15,25.0,49.0,0.0,15.0,5.0
2022-03-16,21.0,63.0,0.0,12.0,4.0
2022-03-17,17.0,74.0,0.9,8.0,3.0
2022-03-18,15.0,85.0,3.5,7.0,3.0
2022-03-19,15.0,84.0,1.9,8.0,3.0
2022-03-20,17.0,76.0,1.2,13.0,3.0
2022-03-21,17.0,68.0,1.1,10.0,3.0
2022-03-22,16.0,70.0,2.5,7.0,3.0
2022-03-23,17.0,70.0,0.5,8.0,3.0
2022-03-24,19.0,66.0,0.0,9.0,5.0
2022-03-25,22.0,62.0,0.0,12.0,4.0
2022-03-26,18.0,69.0,0.5,10.0,4.0
2022-03-27,18.0,78.0,1.2,8.0,4.0
2022-03-28,19.0,77.0,0.6,9.0,5.0
2022-03-29,24.0,64.0,2.9,14.0,4.0
2022-03-30,16.0,89.0,14.2,8.0,3.0
2022-03-31,15.0,78.0,8.1,17.0,3.0
2022-04-01,15.0,73.0,16.2,21.0,3.0
2022-04-02,14.0,62.0,3.2,22.0,3.0
2022-04-03,15.0,64.0,0.2,13.0,3.0
2022-04-04,16.0,75.0,0.7,11.0,3.0
2022-04-05,18.0,84.0,0.1,9.0,3.0
2022-04-06,17.0,92.0,0.8,16.0,3.0
2022-04-07,19.0,71.0,1.2,13.0,4.0
2022-04-08,20.0,63.0,0.0,7.0,5.0
2022-04-09,18.0,69.0,0.0,12.0,5.0
2022-04-10,19.0,78.0,0.3,11.0,4.0
2022-04-11,25.0,58.0,0.0,10.0,5.0
2022-04-12,24.0,55.0,0.0,11.0,4.0
2022-04-13,17.0,85.0,28.0,12.0,3.0
2022-04-14,18.0,85.0,37.2,7.0,3.0
2022-04-15,17.0,91.0,7.5,10.0,4.0
2022-04-16,18.0,83.0,1.8,16.0,3.0
2022-04-17,18.0,79.0,0.0,16.0,4.0
2022-04-18,19.0,64.0,0.0,8.0,4.0
2022-04-19,24.0,51.0,0.0,9.0,5.0
2022-04-20,18.0,76.0,1.4,10.0,4.0
2022-04-21,16.0,76.0,12.1,20.0,3.0
2022-04-22,20.0,60.0,0.0,14.0,5.0
2022-04-23,22.0,60.0,0.2,15.0,4.0
2022-04-24,18.0,70.0,0.0,8.0,5.0
2022-04-25,19.0,62.0,0.0,8.0,5.0
2022-04-26,21.0,72.0,0.0,9.0,5.0
2022-04-27,21.0,75.0,0.0,10.0,5.0
2022-04-28,19.0,85.0,2.2,7.0,4.0
2022-04-29,20.0,84.0,3.3,8.0,4.0
2022-04-30,20.0,71.0,0.3,6.0,4.0
2022-05-01,20.0,61.0,0.1,7.0,5.0
2022-05-02,21.0,70.0,0.1,8.0,4.0
2022-05-03,20.0,77.0,2.2,8.0,4.0
2022-05-04,27.0,64.0,0.0,13.0,5.0
2022-05-05,19.0,77.0,38.9,16.0,4.0
2022-05-06,19.0,81.0,18.8,21.0,4.0
2022-05-07,16.0,89.0,21.6,20.0,4.0
2022-05-08,20.0,76.0,0.0,13.0,4.0
2022-05-09,20.0,69.0,0.0,9.0,5.0
2022-05-10,20.0,73.0,0.5,7.0,4.0
2022-05-11,22.0,71.0,0.0,9.0,5.0
2022-05-12,26.0,58.0,0.0,11.0,6.0
2022-05-13,25.0,61.0,0.0,10.0,6.0
2022-05-14,24.0,64.0,0.0,8.0,6.0
2022-05-15,26.0,60.0,0.0,6.0,6.0
2022-05-16,24.0,70.0,0.0,8.0,6.0
2022-05-17,25.0,70.0,0.0,6.0,6.0
2022-05-18,24.0,62.0,0.0,7.0,6.0
2022-05-19,29.0,53.0,0.0,8.0,6.0
2022-05-20,29.0,53.0,0.0,8.0,6.0
2022-05-21,28.0,51.0,0.0,7.0,6.0
2022-05-22,30.0,46.0,0.0,9.0,6.0
2022-05-23,27.0,48.0,0.0,9.0,5.0
2022-05-24,27.0,57.0,0.0,7.0,5.0
2022-05-25,23.0,74.0,4.0,10.0,5.0
2022-05-26,20.0,83.0,19.5,13.0,4.0
2022-05-27,20.0,83.0,24.3,21.0,4.0
2022-05-28,24.0,68.0,0.0,18.0,6.0
2022-05-29,30.0,49.0,0.0,7.0,5.0
2022-05-30,28.0,58.0,0.0,8.0,6.0
2022-05-31,26.0,62.0,0.0,8.0,6.0
2022-06-01,27.0,58.0,0.0,7.0,6.0
2022-06-02,25.0,60.0,0.0,9.0,6.0
2022-06-03,28.0,63.0,0.0,10.0,5.0
2022-06-04,27.0,55.0,0.0,8.0,5.0
2022-06-05,27.0,69.0,0.0,8.0,6.0
2022-06-06,28.0,65.0,0.0,7.0,6.0
2022-06-07,27.0,64.0,0.0,7.0,5.0
2022-06-08,28.0,60.0,0.0,7.0,6.0
2022-06-09,27.0,64.0,0.2,9.0,5.0
2022-06-10,25.0,67.0,0.2,11.0,5.0
2022-06-11,26.0,61.0,0.0,8.0,6.0
2022-06-12,28.0,50.0,0.0,8.0,6.0
2022-06-13,31.0,42.0,0.0,8.0,6.0
2022-06-14,32.0,37.0,0.0,9.0,7.0
2022-06-15,33.0,43.0,0.0,8.0,7.0
2022-06-16,31.0,48.0,0.0,7.0,7.0
2022-06-17,32.0,46.0,0.0,8.0,7.0
2022-06-18,32.0,45.0,0.0,9.0,7.0
2022-06-19,33.0,48.0,0.0,10.0,7.0
2022-06-20,33.0,38.0,0.0,9.0,7.0
2022-06-21,34.0,40.0,0.0,9.0,7.0
2022-06-22,31.0,60.0,0.0,12.0,7.0
2022-06-23,28.0,73.0,0.0,8.0,6.0
2022-06-24,29.0,77.0,0.5,10.0,5.0
2022-06-25,28.0,71.0,0.0,10.0,7.0
2022-06-26,26.0,70.0,0.1,8.0,5.0
2022-06-27,28.0,66.0,0.1,10.0,5.0
2022-06-28,27.0,77.0,0.2,10.0,5.0
2022-06-29,29.0,71.0,0.0,11.0,6.0
2022-06-30,29.0,57.0,0.0,10.0,7.0
2022-07-01,29.0,67.0,0.5,10.0,6.0
2022-07-02,34.0,67.0,0.0,9.0,6.0
2022-07-03,35.0,53.0,0.0,8.0,7.0
2022-07-04,35.0,51.0,0.0,8.0,7.0
2022-07-05,33.0,48.0,0.0,7.0,7.0
2022-07-06,33.0,52.0,0.1,8.0,6.0
2022-07-07,30.0,58.0,0.0,10.0,6.0
2022-07-08,29.0,58.0,0.0,10.0,7.0
2022-07-09,29.0,59.0,0.0,8.0,6.0
2022-07-10,30.0,61.0,0.0,8.0,7.0
2022-07-11,30.0,41.0,0.0,11.0,7.0
2022-07-12,34.0,43.0,0.0,9.0,7.0
2022-07-13,31.0,60.0,0.0,8.0,7.0
2022-07-14,32.0,52.0,0.0,10.0,7.0
2022-07-15,32.0,51.0,0.0,9.0,7.0
2022-07-16,33.0,48.0,0.0,9.0,7.0
2022-07-17,33.0,52.0,0.0,9.0,7.0
2022-07-18,33.0,49.0,0.0,9.0,7.0
2022-07-19,33.0,55.0,0.0,8.0,7.0
2022-07-20,31.0,55.0,0.0,7.0,7.0
2022-07-21,31.0,60.0,0.0,10.0,7.0
2022-07-22,34.0,54.0,0.0,9.0,7.0
2022-07-23,34.0,50.0,0.0,9.0,7.0
2022-07-24,35.0,42.0,0.0,10.0,7.0
2022-07-25,35.0,37.0,0.0,8.0,7.0
2022-07-26,34.0,45.0,0.0,8.0,7.0
2022-07-27,31.0,60.0,0.0,9.0,7.0
2022-07-28,32.0,61.0,0.0,9.0,7.0
2022-07-29,35.0,52.0,0.0,9.0,7.0
2022-07-30,31.0,59.0,0.0,8.0,7.0
2022-07-31,33.0,58.0,0.0,9.0,7.0
2022-08-01,31.0,53.0,0.0,9.0,7.0
2022-08-02,31.0,54.0,0.0,9.0,7.0
2022-08-03,32.0,53.0,0.0,8.0,7.0
2022-08-04,33.0,51.0,0.0,7.0,7.0
2022-08-05,32.0,61.0,0.1,8.0,6.0
2022-08-06,32.0,57.0,0.0,8.0,7.0
2022-08-07,33.0,49.0,0.0,9.0,7.0
2022-08-08,33.0,50.0,0.0,8.0,7.0
2022-08-09,33.0,50.0,0.0,9.0,7.0
2022-08-10,32.0,52.0,0.0,10.0,7.0
2022-08-11,34.0,47.0,0.0,11.0,7.0
2022-08-12,34.0,42.0,0.0,8.0,7.0
2022-08-13,38.0,31.0,0.0,9.0,8.0
2022-08-14,35.0,37.0,0.0,8.0,8.0
2022-08-15,34.0,43.0,0.0,10.0,7.0
2022-08-16,36.0,43.0,0.1,11.0,7.0
2022-08-17,32.0,54.0,0.0,13.0,7.0
2022-08-18,30.0,70.0,0.1,11.0,7.0
2022-08-19,29.0,71.0,1.8,6.0,5.0
2022-08-20,30.0,62.0,0.0,9.0,7.0
2022-08-21,31.0,47.0,0.0,8.0,7.0
2022-08-22,31.0,50.0,0.0,7.0,7.0
2022-08-23,31.0,65.0,0.0,8.0,7.0
2022-08-24,32.0,62.0,0.0,10.0,7.0
2022-08-25,31.0,54.0,0.0,8.0,7.0
2022-08-26,32.0,50.0,0.0,8.0,7.0
2022-08-27,31.0,59.0,0.0,9.0,6.0
2022-08-28,33.0,50.0,0.0,10.0,7.0
2022-08-29,34.0,41.0,0.0,9.0,6.0
2022-08-30,35.0,48.0,0.0,9.0,8.0
2022-08-31,32.0,49.0,0.1,11.0,6.0
2022-09-01,34.0,45.0,0.0,7.0,7.0
2022-09-02,33.0,53.0,0.0,7.0,6.0
2022-09-03,35.0,51.0,0.0,9.0,6.0
2022-09-04,36.0,47.0,0.0,11.0,8.0
2022-09-05,32.0,67.0,0.0,10.0,6.0
2022-09-06,31.0,62.0,0.0,9.0,7.0
2022-09-07,33.0,49.0,0.0,11.0,8.0
2022-09-08,32.0,60.0,0.0,10.0,7.0
2022-09-09,32.0,55.0,0.0,7.0,7.0
2022-09-10,32.0,58.0,0.0,8.0,7.0
2022-09-11,33.0,51.0,0.0,9.0,7.0
2022-09-12,37.0,43.0,0.0,10.0,8.0
2022-09-13,37.0,39.0,0.0,10.0,7.0
2022-09-14,34.0,48.0,0.0,12.0,7.0
2022-09-15,29.0,80.0,0.0,9.0,6.0
2022-09-16,27.0,73.0,2.3,9.0,6.0
2022-09-17,29.0,75.0,1.5,8.0,5.0
2022-09-18,28.0,70.0,0.0,14.0,5.0
2022-09-19,29.0,71.0,0.0,10.0,6.0
2022-09-20,29.0,69.0,0.1,9.0,5.0
2022-09-21,28.0,62.0,0.3,9.0,5.0
2022-09-22,26.0,65.0,15.1,8.0,5.0
2022-09-23,26.0,68.0,1.8,10.0,5.0
2022-09-24,32.0,52.0,0.0,11.0,7.0
2022-09-25,27.0,57.0,7.1,12.0,5.0
2022-09-26,27.0,70.0,3.3,10.0,5.0
2022-09-27,25.0,72.0,2.6,18.0,5.0
2022-09-28,27.0,61.0,0.1,15.0,5.0
2022-09-29,27.0,60.0,0.0,9.0,6.0
2022-09-30,24.0,70.0,5.3,11.0,5.0
2022-10-01,22.0,76.0,4.9,11.0,5.0
2022-10-02,26.0,66.0,0.0,8.0,6.0
2022-10-03,27.0,52.0,0.0,6.0,5.0
2022-10-04,24.0,59.0,0.0,7.0,6.0
2022-10-05,26.0,69.0,7.3,7.0,5.0
2022-10-06,27.0,65.0,0.0,6.0,5.0
2022-10-07,27.0,60.0,8.5,7.0,5.0
2022-10-08,29.0,61.0,0.9,9.0,5.0
2022-10-09,27.0,60.0,7.6,11.0,5.0
2022-10-10,28.0,62.0,0.0,8.0,5.0
2022-10-11,27.0,66.0,1.0,6.0,5.0
2022-10-12,25.0,77.0,1.8,7.0,5.0
2022-10-13,24.0,83.0,6.0,7.0,5.0
2022-10-14,25.0,80.0,0.3,6.0,5.0
2022-10-15,28.0,49.0,0.0,8.0,6.0
2022-10-16,29.0,48.0,0.0,7.0,6.0
2022-10-17,29.0,49.0,0.0,7.0,6.0
2022-10-18,30.0,47.0,0.0,6.0,7.0
2022-10-19,29.0,43.0,0.0,5.0,7.0
2022-10-20,31.0,40.0,0.0,8.0,7.0
2022-10-21,30.0,50.0,0.0,9.0,6.0
2022-10-22,32.0,41.0,0.0,10.0,7.0
2022-10-23,32.0,38.0,0.0,10.0,7.0
2022-10-24,31.0,36.0,0.0,11.0,7.0
2022-10-25,30.0,32.0,0.0,10.0,5.0
2022-10-26,30.0,33.0,0.0,9.0,6.0
2022-10-27,29.0,32.0,0.0,8.0,5.0
2022-10-28,28.0,36.0,0.0,7.0,6.0
2022-10-29,27.0,39.0,0.0,6.0,6.0
2022-10-30,27.0,41.0,0.0,6.0,6.0
2022-10-31,26.0,42.0,0.0,7.0,6.0
2022-11-01,26.0,47.0,0.0,8.0,6.0
2022-11-02,26.0,53.0,0.0,7.0,6.0
2022-11-03,28.0,40.0,0.0,9.0,6.0
2022-11-04,23.0,69.0,55.1,17.0,4.0
2022-11-05,19.0,56.0,6.0,28.0,4.0
2022-11-06,22.0,55.0,0.0,8.0,5.0
2022-11-07,24.0,41.0,0.0,8.0,5.0
2022-11-08,26.0,37.0,0.0,7.0,6.0
2022-11-09,25.0,45.0,0.0,5.0,6.0
2022-11-10,23.0,62.0,5.0,6.0,4.0
2022-11-11,24.0,60.0,0.0,9.0,5.0
2022-11-12,25.0,57.0,0.0,7.0,5.0
2022-11-13,23.0,72.0,0.0,6.0,4.0
2022-11-14,23.0,56.0,0.0,7.0,5.0
2022-11-15,23.0,49.0,0.0,9.0,5.0
2022-11-16,21.0,59.0,1.2,12.0,4.0
2022-11-17,22.0,75.0,1.2,16.0,4.0
2022-11-18,22.0,73.0,9.3,13.0,4.0
2022-11-19,16.0,79.0,4.8,24.0,3.0
2022-11-20,15.0,77.0,25.2,21.0,3.0
2022-11-21,21.0,60.0,0.0,14.0,4.0
2022-11-22,18.0,66.0,2.2,35.0,4.0
2022-11-23,21.0,72.0,0.0,25.0,4.0
2022-11-24,21.0,73.0,0.0,11.0,4.0
2022-11-25,20.0,71.0,3.7,10.0,5.0
2022-11-26,16.0,77.0,16.8,24.0,4.0
2022-11-27,17.0,68.0,0.3,12.0,4.0
2022-11-28,19.0,69.0,9.5,20.0,3.0
2022-11-29,16.0,76.0,18.0,28.0,3.0
2022-11-30,15.0,69.0,13.8,16.0,3.0
2022-12-01,17.0,66.0,0.0,9.0,3.0
2022-12-02,18.0,52.0,0.0,9.0,3.0
2022-12-03,18.0,48.0,0.0,9.0,3.0
2022-12-04,21.0,52.0,0.0,11.0,4.0
2022-12-05,23.0,48.0,0.0,14.0,4.0
2022-12-06,21.0,53.0,0.0,15.0,4.0
2022-12-07,18.0,76.0,2.4,8.0,3.0
2022-12-08,22.0,59.0,0.0,12.0,4.0
2022-12-09,22.0,59.0,0.2,15.0,4.0
2022-12-10,19.0,78.0,1.0,19.0,4.0
2022-12-11,18.0,78.0,4.6,13.0,4.0
2022-12-12,18.0,83.0,12.3,14.0,4.0
2022-12-13,23.0,66.0,0.0,13.0,5.0
2022-12-14,22.0,72.0,0.3,12.0,4.0
2022-12-15,20.0,80.0,3.4,7.0,4.0
2022-12-16,18.0,76.0,0.6,8.0,4.0
2022-12-17,18.0,70.0,3.6,8.0,3.0
2022-12-18,17.0,73.0,0.0,7.0,4.0
2022-12-19,20.0,67.0,0.0,8.0,5.0
2022-12-20,21.0,53.0,0.0,9.0,4.0
2022-12-21,19.0,62.0,0.0,13.0,4.0
2022-12-22,18.0,78.0,0.0,11.0,3.0
2022-12-23,19.0,66.0,0.0,9.0,4.0
2022-12-24,23.0,59.0,0.0,8.0,5.0
2022-12-25,22.0,47.0,0.0,8.0,5.0
2022-12-26,23.0,44.0,0.0,8.0,5.0
2022-12-27,22.0,49.0,0.0,7.0,5.0
2022-12-28,21.0,50.0,0.0,7.0,5.0
2022-12-29,20.0,50.0,0.0,10.0,3.0
2022-12-30,19.0,54.0,0.0,7.0,4.0
2022-12-31,19.0,49.0,0.0,9.0,4.0
2023-01-01,21.0,39.0,0.0,8.0,5.0
2023-01-02,20.0,38.0,0.0,8.0,4.0
2023-01-03,19.0,46.0,0.0,7.0,4.0
2023-01-04,15.0,49.0,8.9,7.0,3.0
2023-01-05,14.0,78.0,1.8,6.0,3.0
2023-01-06,16.0,73.0,0.0,7.0,4.0
2023-01-07,19.0,61.0,0.0,7.0,4.0
2023-01-08,18.0,49.0,0.0,8.0,4.0
2023-01-09,19.0,64.0,2.2,17.0,4.0
2023-01-10,19.0,69.0,0.0,11.0,4.0
2023-01-11,19.0,73.0,0.4,9.0,4.0
2023-01-12,16.0,78.0,1.9,9.0,3.0
2023-01-13,18.0,66.0,1.7,9.0,3.0
2023-01-14,17.0,72.0,1.2,7.0,3.0
2023-01-15,20.0,53.0,0.0,8.0,3.0
2023-01-16,17.0,66.0,0.0,15.0,3.0
2023-01-17,19.0,65.0,0.0,19.0,4.0
2023-01-18,14.0,64.0,14.5,20.0,3.0
2023-01-19,11.0,75.0,15.0,24.0,2.0
2023-01-20,13.0,72.0,4.0,24.0,3.0
2023-01-21,9.0,76.0,14.4,13.0,2.0
2023-01-22,9.0,79.0,36.1,20.0,2.0
2023-01-23,10.0,83.0,23.6,14.0,2.0
2023-01-24,10.0,74.0,10.3,14.0,2.0
2023-01-25,11.0,79.0,20.7,17.0,2.0
2023-01-26,10.0,81.0,38.7,15.0,2.0
2023-01-27,10.0,84.0,9.9,11.0,2.0
2023-01-28,11.0,76.0,17.5,11.0,2.0
2023-01-29,11.0,81.0,6.7,10.0,2.0
2023-01-30,13.0,76.0,2.1,11.0,2.0
2023-01-31,13.0,76.0,1.0,18.0,3.0
2023-02-01,14.0,70.0,0.5,10.0,3.0
2023-02-02,13.0,70.0,0.0,6.0,4.0
2023-02-03,14.0,76.0,2.1,8.0,3.0
2023-02-04,14.0,77.0,0.2,10.0,3.0
2023-02-05,14.0,84.0,3.2,18.0,3.0
2023-02-06,13.0,78.0,1.5,9.0,3.0
2023-02-07,16.0,71.0,0.0,9.0,3.0
2023-02-08,13.0,77.0,8.1,9.0,3.0
2023-02-09,10.0,89.0,15.6,9.0,2.0
2023-02-10,11.0,73.0,18.2,10.0,2.0
2023-02-11,14.0,69.0,0.0,11.0,2.0
2023-02-12,14.0,71.0,0.0,8.0,4.0
2023-02-13,16.0,70.0,0.0,8.0,4.0
2023-02-14,16.0,63.0,0.0,9.0,4.0
2023-02-15,16.0,57.0,0.0,8.0,3.0
2023-02-16,16.0,55.0,0.0,8.0,3.0
2023-02-17,17.0,66.0,0.0,7.0,4.0
2023-02-18,18.0,73.0,0.0,7.0,4.0
2023-02-19,20.0,60.0,0.0,7.0,4.0
2023-02-20,20.0,65.0,0.0,7.0,4.0
2023-02-21,22.0,60.0,0.0,7.0,5.0
2023-02-22,20.0,64.0,0.0,8.0,3.0
2023-02-23,19.0,69.0,0.0,8.0,4.0
2023-02-24,20.0,59.0,2.9,11.0,4.0
2023-02-25,16.0,83.0,0.6,19.0,3.0
2023-02-26,15.0,72.0,3.8,14.0,3.0
2023-02-27,15.0,69.0,2.9,16.0,3.0
2023-02-28,12.0,63.0,1.2,25.0,2.0
2023-03-01,10.0,82.0,26.7,22.0,2.0
2023-03-02,12.0,72.0,5.1,11.0,2.0
2023-03-03,11.0,85.0,22.2,18.0,2.0
2023-03-04,11.0,85.0,32.1,13.0,2.0
2023-03-05,17.0,65.0,0.0,8.0,3.0
2023-03-06,17.0,63.0,4.6,13.0,3.0
2023-03-07,19.0,71.0,0.0,9.0,3.0
2023-03-08,21.0,70.0,0.4,8.0,5.0
2023-03-09,21.0,69.0,0.0,8.0,5.0
2023-03-10,20.0,75.0,0.1,18.0,4.0
2023-03-11,22.0,60.0,0.0,16.0,5.0
2023-03-12,20.0,72.0,0.0,9.0,5.0
2023-03-13,23.0,67.0,0.0,9.0,5.0
2023-03-14,18.0,74.0,0.0,15.0,5.0
2023-03-15,19.0,59.0,0.0,12.0,4.0
2023-03-16,20.0,57.0,0.0,11.0,5.0
2023-03-17,23.0,59.0,0.0,9.0,5.0
2023-03-18,18.0,74.0,0.0,5.0,4.0
2023-03-19,16.0,86.0,0.0,7.0,3.0
2023-03-20,17.0,87.0,3.1,8.0,3.0
2023-03-21,17.0,77.0,0.0,7.0,4.0
2023-03-22,18.0,64.0,0.0,7.0,3.0
2023-03-23,20.0,54.0,0.0,9.0,5.0
2023-03-24,24.0,53.0,0.0,10.0,5.0
2023-03-25,21.0,60.0,0.0,7.0,5.0
2023-03-26,22.0,57.0,0.0,9.0,4.0
2023-03-27,20.0,76.0,1.1,9.0,4.0
2023-03-28,19.0,74.0,0.0,12.0,4.0
2023-03-29,22.0,60.0,0.0,9.0,4.0
2023-03-30,24.0,52.0,0.0,10.0,5.0
2023-03-31,24.0,53.0,0.0,9.0,5.0
2023-04-01,19.0,65.0,0.0,9.0,5.0
2023-04-02,16.0,75.0,31.8,19.0,3.0
2023-04-03,14.0,78.0,56.6,22.0,3.0
2023-04-04,16.0,75.0,1.9,9.0,3.0
2023-04-05,15.0,75.0,1.2,7.0,3.0
2023-04-06,17.0,62.0,0.0,10.0,4.0
2023-04-07,17.0,62.0,0.0,9.0,4.0
2023-04-08,21.0,56.0,0.0,7.0,4.0
2023-04-09,19.0,53.0,0.0,7.0,5.0
2023-04-10,20.0,54.0,0.0,7.0,5.0
2023-04-11,22.0,44.0,0.0,8.0,5.0
2023-04-12,24.0,47.0,0.0,8.0,5.0
2023-04-13,18.0,77.0,4.4,12.0,3.0
2023-04-14,20.0,61.0,0.2,11.0,3.0
2023-04-15,19.0,68.0,0.0,14.0,4.0
2023-04-16,15.0,75.0,2.5,18.0,3.0
2023-04-17,18.0,68.0,0.1,9.0,3.0
2023-04-18,18.0,71.0,0.0,9.0,4.0
2023-04-19,20.0,73.0,0.2,8.0,4.0
2023-04-20,20.0,79.0,0.8,7.0,4.0
2023-04-21,21.0,78.0,0.0,9.0,5.0
2023-04-22,24.0,72.0,0.0,10.0,5.0
2023-04-23,22.0,66.0,0.0,6.0,5.0
2023-04-24,23.0,61.0,0.0,7.0,5.0
2023-04-25,25.0,53.0,0.0,7.0,5.0
2023-04-26,25.0,57.0,0.0,9.0,6.0
2023-04-27,26.0,58.0,0.0,8.0,6.0
2023-04-28,28.0,53.0,0.0,8.0,6.0
2023-04-29,31.0,50.0,0.0,10.0,5.0
2023-04-30,22.0,82.0,1.2,11.0,4.0
2023-05-01,21.0,79.0,2.9,7.0,4.0
2023-05-02,21.0,69.0,0.1,8.0,4.0
2023-05-03,23.0,67.0,0.0,9.0,5.0
2023-05-04,24.0,57.0,0.0,9.0,5.0
2023-05-05,25.0,48.0,0.0,8.0,5.0
2023-05-06,28.0,49.0,0.0,9.0,5.0
2023-05-07,22.0,86.0,3.4,13.0,4.0
2023-05-08,21.0,82.0,18.6,13.0,4.0
2023-05-09,22.0,77.0,0.7,12.0,4.0
2023-05-10,22.0,72.0,0.0,11.0,4.0
2023-05-11,21.0,75.0,0.1,10.0,4.0
2023-05-12,21.0,83.0,0.0,8.0,4.0
2023-05-13,18.0,91.0,23.3,10.0,4.0
2023-05-14,17.0,80.0,8.8,8.0,4.0
2023-05-15,19.0,81.0,35.6,20.0,4.0
2023-05-16,21.0,68.0,4.9,12.0,4.0
2023-05-17,21.0,73.0,4.9,12.0,4.0
2023-05-18,19.0,84.0,6.6,10.0,4.0
2023-05-19,15.0,92.0,31.3,8.0,3.0
2023-05-20,17.0,89.0,24.2,21.0,4.0
2023-05-21,20.0,82.0,3.2,18.0,4.0
2023-05-22,23.0,71.0,0.0,10.0,4.0
2023-05-23,24.0,77.0,28.2,10.0,4.0
2023-05-24,20.0,86.0,7.5,11.0,4.0
2023-05-25,20.0,86.0,9.5,10.0,4.0
2023-05-26,24.0,76.0,0.0,10.0,4.0
2023-05-27,28.0,68.0,0.0,10.0,6.0
2023-05-28,22.0,84.0,18.6,7.0,4.0
2023-05-29,21.0,82.0,36.7,7.0,4.0
2023-05-30,22.0,81.0,25.2,9.0,4.0
2023-05-31,21.0,77.0,30.0,9.0,4.0
2023-06-01,23.0,76.0,1.4,9.0,4.0
2023-06-02,24.0,78.0,0.0,6.0,4.0
2023-06-03,22.0,77.0,4.1,6.0,4.0
2023-06-04,24.0,77.0,25.2,7.0,5.0
2023-06-05,23.0,82.0,0.2,6.0,5.0
2023-06-06,24.0,82.0,0.0,8.0,6.0
2023-06-07,27.0,75.0,3.6,7.0,5.0
2023-06-08,28.0,72.0,0.0,8.0,5.0
2023-06-09,25.0,83.0,0.1,9.0,5.0
2023-06-10,26.0,73.0,0.1,6.0,5.0
2023-06-11,26.0,64.0,0.0,7.0,6.0
2023-06-12,26.0,67.0,9.1,8.0,5.0
2023-06-13,25.0,84.0,11.8,11.0,5.0
2023-06-14,25.0,78.0,6.6,14.0,5.0
2023-06-15,26.0,75.0,5.4,11.0,5.0
2023-06-16,28.0,59.0,0.0,8.0,6.0
2023-06-17,28.0,58.0,0.0,11.0,6.0
2023-06-18,33.0,48.0,0.0,9.0,7.0
2023-06-19,35.0,42.0,0.0,15.0,7.0
2023-06-20,30.0,50.0,0.0,9.0,7.0
2023-06-21,32.0,36.0,0.0,11.0,7.0
2023-06-22,29.0,64.0,0.0,8.0,6.0
2023-06-23,28.0,78.0,0.2,7.0,5.0
2023-06-24,29.0,69.0,0.0,8.0,6.0
2023-06-25,28.0,64.0,0.0,7.0,6.0
2023-06-26,27.0,55.0,0.0,7.0,6.0
2023-06-27,30.0,52.0,0.0,9.0,7.0
2023-06-28,33.0,56.0,0.0,10.0,7.0
2023-06-29,31.0,52.0,0.0,9.0,6.0
2023-06-30,30.0,65.0,0.8,9.0,6.0
